keys,pt_BR,en
HUD_WAVE,ONDA {n},WAVE {n}
HUD_WAVE_COMPLETE,ONDA COMPLETA,WAVE COMPLETE
HUD_CHAPTER_COMPLETE,CAPÍTULO COMPLETO,CHAPTER COMPLETE
HUD_WORDS,PALAVRAS,WORDS
PAUSE_TITLE,PAUSA,PAUSED
PAUSE_HINT,{pause} CONTINUAR   {restart} REINICIAR,{pause} RESUME   {restart} RESTART
GAMEOVER_TITLE,A PÁGINA ARDEU,THE PAGE BURNED
GAMEOVER_HINT,{restart} TENTAR DE NOVO,{restart} TRY AGAIN
SHOP_TITLE,SCRIPTORIUM,SCRIPTORIUM
SHOP_APOCRYPHA,APÓCRIFO,APOCRYPHA
SHOP_SOLD,VENDIDO,SOLD
SHOP_REROLL,REROLAR,REROLL
SHOP_NEXT,PRÓXIMA ONDA [{next}],NEXT WAVE [{next}]
SHOP_LEGEND,<> ESCOLHER  {cast} COMPRAR  {lock} TRAVAR  {reroll} REROLAR  {next} ONDA,<> CHOOSE  {cast} BUY  {lock} LOCK  {reroll} REROLL  {next} WAVE
ITEM_LODESTONE,Pedra-Ímã,Lodestone
ITEM_LODESTONE_DESC,Ímã +30%,Magnet +30%
ITEM_ROSARY,Rosário de Contas,Prayer Beads
ITEM_ROSARY_DESC,Heresia atordoa metade,Heresy stuns half as long
ITEM_SANDALS,Sandálias do Peregrino,Pilgrim Sandals
ITEM_SANDALS_DESC,Velocidade +10%,Speed +10%
ITEM_ALMS_PURSE,Bolsa do Esmoler,Almoner Purse
ITEM_ALMS_PURSE_DESC,Tinta dourada +20%,Gold ink +20%
ITEM_COPYIST_LENSES,Lentes do Copista,Copyist Lenses
ITEM_COPYIST_LENSES_DESC,Letra útil cai mais,Useful letters drop more
ITEM_DOUBLE_INKWELL,Tinteiro Duplo,Double Inkwell
ITEM_DOUBLE_INKWELL_DESC,10% de letra extra,10% extra letter
ITEM_FINE_QUILL,Pena de Ganso Fina,Fine Goose Quill
ITEM_FINE_QUILL_DESC,Ataque 15% mais rápido,Attack 15% faster
ITEM_BLESSED_CANDLE,Círio Bento,Blessed Candle
ITEM_BLESSED_CANDLE_DESC,+1 vela máxima e acende 1,+1 max candle and lights 1
ITEM_NEW_SHELF,Estante Nova,New Shelf
ITEM_NEW_SHELF_DESC,+1 espaço no atril,+1 lectern slot
APOCRYPHA_PURGO_DESC,Limpa a tela,Clears the screen
APOCRYPHA_FIDES_DESC,Escudo de 1 golpe,Shield against 1 hit
APOCRYPHA_LUMEN_DESC,Ímã e letra útil X2,Magnet and useful letters X2
APOCRYPHA_GLORIA_DESC,Milagres X1.5,Miracles X1.5
APOCRYPHA_VERBUM_DESC,Repete a palavra; libera o B,Repeats the word; unlocks B
BOSS_ASMODEUS,"ASMODEUS, O RASURADOR","ASMODEUS, THE ERASER"
KEY_SPACE,ESPAÇO,SPACE
KEY_ENTER,ENTER,ENTER
KEY_KP ENTER,ENTER,ENTER
KEY_ESCAPE,ESC,ESC
KEY_SHIFT,SHIFT,SHIFT
KEY_TAB,TAB,TAB
KEY_LEFT,ESQ,LEFT
KEY_RIGHT,DIR,RIGHT
KEY_UP,CIMA,UP
KEY_DOWN,BAIXO,DOWN
GAME_TITLE,SCRIBE OF THE DAMNED,SCRIBE OF THE DAMNED
SPLASH_PRESS_ANY,APERTE QUALQUER TECLA,PRESS ANY KEY
MENU_PLAY,JOGAR,PLAY
MENU_CODEX,GRIMÓRIO,GRIMOIRE
MENU_OPTIONS,OPÇÕES,OPTIONS
MENU_CREDITS,CRÉDITOS,CREDITS
CHARACTER_TITLE,ESCOLHA O ESCRIBA,CHOOSE THE SCRIBE
CHARACTER_LOCKED,BLOQUEADO,LOCKED
CHAR_ANSELMO_PASSIVE,SEM PASSIVA,NO PASSIVE
CHAR_HILDEGARDA_PASSIVE,JANELA DE COMBO +50%,COMBO WINDOW +50%
CHAR_TOME_PASSIVE,IMUNE AO ATORDOAMENTO; 2 VELAS,STUN IMMUNE; 2 CANDLES
CHAR_ILUMINADOR_PASSIVE,25% DE LETRA DUPLA,25% DOUBLE LETTER
CHAR_BEDA_PASSIVE,+20% VELOCIDADE; ATRIL 4,+20% SPEED; LECTERN 4
CHAPTER_SELECT_TITLE,ESCOLHA A PÁGINA,CHOOSE THE PAGE
CHAPTER_1_TITLE,A PÁGINA LIMPA,THE CLEAN PAGE
CHAPTER_2_TITLE,A PÁGINA ROÍDA,THE GNAWED PAGE
CHAPTER_3_TITLE,A PÁGINA NEGRA,THE BLACK PAGE
CHAPTER_4_TITLE,A PÁGINA MARGINAL,THE MARGINAL PAGE
CHAPTER_5_TITLE,A ÚLTIMA PÁGINA,THE LAST PAGE
COMING_SOON,EM BREVE,COMING SOON
SCREEN_HINT_ROW,{cast} ESCOLHE   {back} VOLTA,{cast} CHOOSE   {back} BACK
PAUSE_RESUME,CONTINUAR,RESUME
PAUSE_ABANDON,ABANDONAR,ABANDON
GAMEOVER_RETRY,TENTAR DE NOVO,TRY AGAIN
GAMEOVER_MENU,MENU,MENU
STAT_WAVE,ONDA,WAVE
STAT_TIME,TEMPO,TIME
STAT_WORDS,PALAVRAS CONJURADAS,WORDS CAST
STAT_KILLS,INIMIGOS,ENEMIES
STAT_INK,TINTA DOURADA,GOLDEN INK
STAT_BOSS_TIME,TEMPO DO CHEFE,BOSS TIME
VICTORY_TITLE,PÁGINA PURIFICADA,PAGE PURIFIED
VICTORY_NEW_ENTRIES,NOVAS NO GRIMÓRIO,NEW IN THE GRIMOIRE
VICTORY_CONTINUE,CONTINUAR,CONTINUE
ENEMY_IMP,DIABRETE,IMP
ENEMY_MOTH,TRAÇA GIGANTE,GIANT MOTH
ENEMY_GARGOYLE,GÁRGULA-MARGINÁLIA,MARGINALIA GARGOYLE
ENEMY_HOLLOW_MONK,MONGE OCO,HOLLOW MONK
ENEMY_INK_BLOT,BORRÃO DE TINTA,INK BLOT
CREDITS_GAME,JOGO,GAME
CREDITS_AUTHOR,AUTOR,AUTHOR
CREDITS_PLAYTEST,TESTES,PLAYTEST
CREDITS_ENGINE,FEITO COM,MADE WITH
CREDITS_THANKS,AGRADECIMENTOS,THANKS
CREDITS_THANKS_LINE,"A VOCÊ, QUE JOGOU","TO YOU, FOR PLAYING"
MORE_COUNT,+{n},+{n}
VICTORY_NO_ENTRIES,NENHUMA,NONE
word_lux,LUZ,LIGHT
word_pax,PAZ,PEACE
word_crux,CRUZ,CROSS
word_vita,VIDA,LIFE
word_aqua,ÁGUA,WATER
word_ignis,FOGO,FIRE
word_mortis,DA MORTE,OF DEATH
word_fides,FÉ,FAITH
word_lumen,LUME,GLOW
word_purgo,EU PURIFICO,I PURIFY
word_gloria,GLÓRIA,GLORY
word_verbum,PALAVRA,WORD
word_angelus,ANJO,ANGEL
word_dominus,SENHOR,LORD
word_miserere,TEM PIEDADE,HAVE MERCY
word_salvator,SALVADOR,SAVIOR
word_sanctus,SANTO,HOLY
word_spiritus,ESPÍRITO,SPIRIT
combo_vapor,VAPOR,STEAM
combo_flamma,CHAMA,FLAME
combo_caecitas,CEGUEIRA,BLINDNESS
combo_martyrium,MARTÍRIO,MARTYRDOM
combo_requiem,REPOUSO,REST
LORE_LUX,"A PRIMEIRA COISA ESCRITA. ANTES DELA, A PÁGINA ERA SÓ VAZIO.","THE FIRST THING EVER WRITTEN. BEFORE IT, THE PAGE WAS ONLY VOID."
LORE_PAX,NÃO É AUSÊNCIA DE GUERRA. É AUSÊNCIA DE RUÍDO.,NOT THE ABSENCE OF WAR. THE ABSENCE OF NOISE.
LORE_CRUX,DUAS LINHAS CRUZADAS. O COPISTA FAZ O MESMO GESTO PARA MARCAR UM ERRO.,TWO CROSSED LINES. THE COPYIST MAKES THE SAME GESTURE TO MARK A MISTAKE.
LORE_VITA,"ESCRITA COM TINTA DE NOZ E UM POUCO DE SANGUE, DIZEM OS ANTIGOS.","WRITTEN IN WALNUT INK AND A LITTLE BLOOD, THE ELDERS SAY."
LORE_AQUA,ÁGUA BENTA APAGA TINTA. FOI ASSIM QUE DESCOBRIRAM O EXORCISMO DO PAPEL.,HOLY WATER ERASES INK. THAT IS HOW THE EXORCISM OF PAPER WAS FOUND.
LORE_IGNIS,O FOGO É O ÚNICO LEITOR QUE DEVORA TUDO O QUE LÊ.,FIRE IS THE ONLY READER THAT DEVOURS ALL IT READS.
LORE_MORTIS,GENITIVO. NUNCA SE ESCREVE A MORTE: ESCREVE-SE DA MORTE. ELA SEMPRE PERTENCE A ALGUÉM.,GENITIVE. ONE NEVER WRITES DEATH: ONE WRITES OF DEATH. IT ALWAYS BELONGS TO SOMEONE.
LORE_FIDES,O QUE SUSTENTA A PONTE ANTES DE A PONTE EXISTIR.,WHAT HOLDS UP THE BRIDGE BEFORE THE BRIDGE EXISTS.
LORE_LUMEN,LUZ EMPRESTADA. A LUA É FEITA DISTO.,BORROWED LIGHT. THE MOON IS MADE OF IT.
LORE_PURGO,PRIMEIRA PESSOA DO SINGULAR. NINGUÉM PURIFICA POR VOCÊ.,FIRST PERSON SINGULAR. NO ONE PURIFIES FOR YOU.
LORE_GLORIA,PALAVRA PERIGOSA. MUITOS COPISTAS CAÍRAM AO ESCREVÊ-LA GRANDE DEMAIS.,A DANGEROUS WORD. MANY COPYISTS FELL WRITING IT TOO LARGE.
LORE_VERBUM,"IN PRINCIPIO ERAT VERBUM. ESTÁ NO COMEÇO DE TUDO, INCLUSIVE DESTE LIVRO.","IN PRINCIPIO ERAT VERBUM. IT IS AT THE START OF EVERYTHING, THIS BOOK INCLUDED."
LORE_IMP,UMA GOTA DE TINTA QUE APRENDEU A MORDER.,A DROP OF INK THAT LEARNED TO BITE.
LORE_MOTH,COME AS PALAVRAS MAIS DOCES PRIMEIRO: NOMES PRÓPRIOS.,IT EATS THE SWEETEST WORDS FIRST: PROPER NAMES.
LORE_GARGOYLE,DESENHADA NA MARGEM POR UM COPISTA ENTEDIADO. ELE NÃO DEVIA TER DADO DENTES A ELA.,DRAWN IN THE MARGIN BY A BORED COPYIST. HE SHOULD NOT HAVE GIVEN IT TEETH.
LORE_HOLLOW_MONK,O HÁBITO CONTINUOU ANDANDO DEPOIS QUE O IRMÃO FOI APAGADO.,THE HABIT KEPT WALKING AFTER THE BROTHER WAS ERASED.
LORE_INK_BLOT,TODO ERRO DEIXA MANCHA. ALGUMAS MANCHAS FICAM COM FOME.,EVERY MISTAKE LEAVES A STAIN. SOME STAINS GROW HUNGRY.
LORE_CHAMPION,ERROS QUE NINGUÉM CORRIGIU POR TEMPO DEMAIS.,MISTAKES NO ONE CORRECTED FOR TOO LONG.
LORE_ASMODEUS,FEITO DE CADA RISCO DE PENA SOBRE CADA PALAVRA ERRADA. VOCÊ TAMBÉM O ALIMENTOU.,MADE OF EVERY PEN STROKE OVER EVERY WRONG WORD. YOU FED HIM TOO.
LORE_MOTH_MOTHER,COMEU A PÁGINA DA FOME E VIROU AQUILO QUE COMEU.,IT ATE THE PAGE OF HUNGER AND BECAME WHAT IT ATE.
LORE_FALLEN_ABBOT,ELE ENTROU PARA CONSERTAR. FICOU PARA IMPEDIR QUE OUTROS TENTASSEM.,HE WENT IN TO MEND IT. HE STAYED TO STOP OTHERS FROM TRYING.
LORE_MALACHI,NÃO ESTÁ NO TEXTO ORIGINAL. FOI ACRESCENTADO NAS MARGENS POR HOMENS COM MEDO.,HE IS NOT IN THE ORIGINAL TEXT. FRIGHTENED MEN ADDED HIM IN THE MARGINS.
LORE_SEMIHAZA,CAIU POR QUERER DAR DEMAIS. FOI ENCADERNADO POR ISSO.,HE FELL FOR WANTING TO GIVE TOO MUCH. HE WAS BOUND FOR IT.
ENEMY_CHAMPION,CAMPEÃO,CHAMPION
BOSS_MOTH_MOTHER,A MÃE DAS TRAÇAS,THE MOTH MOTHER
BOSS_FALLEN_ABBOT,O ABADE CAÍDO,THE FALLEN ABBOT
BOSS_MALACHI,"PADRE MALAQUIAS, O CONFESSOR","FATHER MALACHI, THE CONFESSOR"
BOSS_SEMIHAZA,"SEMÍHAZA, O ANJO CAÍDO","SEMIHAZA, THE FALLEN ANGEL"
CODEX_TITLE,GRIMÓRIO,GRIMOIRE
CODEX_TAB_WORDS,PALAVRAS,WORDS
CODEX_TAB_COMBOS,COMBOS,COMBOS
CODEX_TAB_ENEMIES,INIMIGOS,ENEMIES
CODEX_TAB_BOSSES,CHEFES,BOSSES
CODEX_FOUND,DESCOBERTAS {n}/{total},FOUND {n}/{total}
CODEX_UNKNOWN,?????,?????
CODEX_NO_LORE,SEM VERBETE AINDA,NO ENTRY YET
OPTIONS_TITLE,OPÇÕES,OPTIONS
OPT_VOL_MASTER,VOLUME GERAL,MASTER VOLUME
OPT_VOL_MUSIC,MÚSICA,MUSIC
OPT_VOL_SFX,EFEITOS,EFFECTS
OPT_SHAKE,TREMOR DE TELA,SCREEN SHAKE
OPT_LANGUAGE,IDIOMA,LANGUAGE
OPT_AIM_MOUSE,MIRAR COM O MOUSE,AIM WITH MOUSE
OPT_HIGH_CONTRAST,ALTO CONTRASTE,HIGH CONTRAST
OPT_KEYS,REMAPEAR TECLAS,REMAP KEYS
OPT_RESET,RESTAURAR PADRÃO,RESTORE DEFAULTS
OPT_BACK,VOLTAR,BACK
OPT_ON,SIM,ON
OPT_OFF,NÃO,OFF
LANG_PT_BR,PORTUGUÊS,PORTUGUESE
LANG_EN,INGLÊS,ENGLISH
OPT_PRESS_KEY,APERTE UMA TECLA,PRESS A KEY
OPT_SWAPPED,TROCADA COM {action},SWAPPED WITH {action}
ACTION_MOVE_UP,MOVER PARA CIMA,MOVE UP
ACTION_MOVE_DOWN,MOVER PARA BAIXO,MOVE DOWN
ACTION_MOVE_LEFT,MOVER PARA A ESQUERDA,MOVE LEFT
ACTION_MOVE_RIGHT,MOVER PARA A DIREITA,MOVE RIGHT
ACTION_CAST,CONJURAR,CAST
ACTION_PURGE,PURGAR,PURGE
ACTION_WORD_LIST,LISTA DE PALAVRAS,WORD LIST
ACTION_PAUSE,PAUSA,PAUSE
ACTION_RESTART,REINICIAR,RESTART
ACTION_SHOP_LOCK,LOJA: TRAVAR,SHOP: LOCK
ACTION_SHOP_REROLL,LOJA: TROCAR,SHOP: REROLL
ACTION_SHOP_NEXT,LOJA: SEGUIR,SHOP: NEXT
LANG_TAG_PT_BR,PT-BR,PT-BR
LANG_TAG_EN,EN,EN
UI_PREV,<,<
UI_NEXT,>,>
OPT_CONFIRM,CONFIRMAR?,CONFIRM?
CODEX_KIND_ENEMY,INIMIGO,ENEMY
CODEX_KIND_CHAMPION,CAMPEÃO,CHAMPION
CODEX_KIND_BOSS,CHEFE,BOSS
CODEX_FOLIO,- {n} -,- {n} -
CODEX_HINT,{prev} {next} PÁGINA   {up} {down} ABA   {back} VOLTA,{prev} {next} PAGE   {up} {down} TAB   {back} BACK
OPT_HINT,{up} {down} ESCOLHE   {prev} {next} MUDA   {back} VOLTA,{up} {down} SELECT   {prev} {next} CHANGE   {back} BACK
