id,cena,personagem,expressao,texto_pt_BR,texto_en,arquivo_pt_BR,arquivo_en,status
CS_C1_01_CAPTION_1,C1-01,Narrador,neutral,"Mosteiro de São Wendelino. 1348, o ano da peste.","Monastery of Saint Wendelin. 1348, the year of the plague.",assets/audio/voice/pt_BR/cs_c1_01_caption_1.mp3,assets/audio/voice/en/cs_c1_01_caption_1.mp3,Cap. 1 (spec 008)
CS_C1_01_ANSELMO_1,C1-01,Irmão Anselmo,scared,O códice… o Abade disse para nunca abri-lo.,The codex… the Abbot said never to open it.,assets/audio/voice/pt_BR/cs_c1_01_anselmo_1.mp3,assets/audio/voice/en/cs_c1_01_anselmo_1.mp3,Cap. 1 (spec 008)
CS_C1_01_ANSELMO_2,C1-01,Irmão Anselmo,scared,…Mas o Abade não está aqui.,…But the Abbot is not here.,assets/audio/voice/pt_BR/cs_c1_01_anselmo_2.mp3,assets/audio/voice/en/cs_c1_01_anselmo_2.mp3,Cap. 1 (spec 008)
CS_C1_01_NARRATOR_1,C1-01,Narrador,neutral,"Dentro do livro, só a Palavra pode salvá-lo.","Inside the book, only the Word can save him.",assets/audio/voice/pt_BR/cs_c1_01_narrator_1.mp3,assets/audio/voice/en/cs_c1_01_narrator_1.mp3,Cap. 1 (spec 008)
CS_C1_02_ABBOT_1,C1-02,Abade Gerbrand (fantasma),smiling,Irmão Anselmo… Você abriu. Claro que abriu.,Brother Anselmo… You opened it. Of course you did.,assets/audio/voice/pt_BR/cs_c1_02_abbot_1.mp3,assets/audio/voice/en/cs_c1_02_abbot_1.mp3,Cap. 1 (spec 008)
CS_C1_02_ABBOT_2,C1-02,Abade Gerbrand (fantasma),neutral,"A Palavra sustenta a página. Onde ela some, há o vazio.","The Word holds up the page. Where it fades, there is the void.",assets/audio/voice/pt_BR/cs_c1_02_abbot_2.mp3,assets/audio/voice/en/cs_c1_02_abbot_2.mp3,Cap. 1 (spec 008)
CS_C1_02_ANSELMO_1,C1-02,Irmão Anselmo,scared,…E se eu errar?,…And if I get it wrong?,assets/audio/voice/pt_BR/cs_c1_02_anselmo_1.mp3,assets/audio/voice/en/cs_c1_02_anselmo_1.mp3,Cap. 1 (spec 008)
CS_C1_02_ABBOT_3,C1-02,Abade Gerbrand (fantasma),neutral,Então o vazio fala pela sua boca. E fere você.,Then the void speaks through your mouth. And it wounds you.,assets/audio/voice/pt_BR/cs_c1_02_abbot_3.mp3,assets/audio/voice/en/cs_c1_02_abbot_3.mp3,Cap. 1 (spec 008)
CS_C1_03_ASMODEUS_1,C1-03,"Asmodeus, o Rasurador",neutral,Tuas palavras… eu as APAGO.,Thy words… I ERASE them.,assets/audio/voice/pt_BR/cs_c1_03_asmodeus_1.mp3,assets/audio/voice/en/cs_c1_03_asmodeus_1.mp3,Cap. 1 (spec 008)
CS_C1_03_ANSELMO_1,C1-03,Irmão Anselmo,scared,…Catorze anos copiando. E ele apaga assim.,…Fourteen years of copying. And he erases it just like that.,assets/audio/voice/pt_BR/cs_c1_03_anselmo_1.mp3,assets/audio/voice/en/cs_c1_03_anselmo_1.mp3,Cap. 1 (spec 008)
CS_C1_04_ABBOT_1,C1-04,Abade Gerbrand (fantasma),smiling,Uma página limpa. Há muitas outras.,One clean page. There are many more.,assets/audio/voice/pt_BR/cs_c1_04_abbot_1.mp3,assets/audio/voice/en/cs_c1_04_abbot_1.mp3,Cap. 1 (spec 008)
CS_C1_04_ANSELMO_1,C1-04,Irmão Anselmo,relieved,…Traças. Eu detesto traças.,…Moths. I hate moths.,assets/audio/voice/pt_BR/cs_c1_04_anselmo_1.mp3,assets/audio/voice/en/cs_c1_04_anselmo_1.mp3,Cap. 1 (spec 008)
CS_C3_01_ABBOT_1,C3-01,Abade Gerbrand (fantasma),neutral,Não… aquele sou eu. O que restou de mim.,No… that is me. What is left of me.,assets/audio/voice/pt_BR/cs_c3_01_abbot_1.mp3,assets/audio/voice/en/cs_c3_01_abbot_1.mp3,"futuro (Cap. 3, feature 013)"
CS_C3_02_FALLEN_ABBOT_1,C3-02,Abade Caído,neutral,"Obrigado, filho. Leve isto.","Thank you, son. Take this.",assets/audio/voice/pt_BR/cs_c3_02_fallen_abbot_1.mp3,assets/audio/voice/en/cs_c3_02_fallen_abbot_1.mp3,"futuro (Cap. 3, feature 013)"
CS_C4_01_MALACHI_1,C4-01,"Padre Malaquias, o Confessor",smile,"Venha, filho. Confesse.","Come, son. Confess.",assets/audio/voice/pt_BR/cs_c4_01_malachi_1.mp3,assets/audio/voice/en/cs_c4_01_malachi_1.mp3,"futuro (Cap. 4, feature 014)"
CS_C5_02_ANSELMO_1,C5-02,Irmão Anselmo,relieved,…Foi um sonho?,…Was it a dream?,assets/audio/voice/pt_BR/cs_c5_02_anselmo_1.mp3,assets/audio/voice/en/cs_c5_02_anselmo_1.mp3,"futuro (Cap. 5, feature 015)"
latin_lux,durante o jogo,Irmão Anselmo,palavra conjurada,LUX,LUX,assets/audio/voice/latin/lux.mp3,assets/audio/voice/latin/lux.mp3,no jogo · pronúncia: LUKS (o mesmo áudio nos dois idiomas)
latin_pax,durante o jogo,Irmão Anselmo,palavra conjurada,PAX,PAX,assets/audio/voice/latin/pax.mp3,assets/audio/voice/latin/pax.mp3,no jogo · pronúncia: PAKS (o mesmo áudio nos dois idiomas)
latin_crux,durante o jogo,Irmão Anselmo,palavra conjurada,CRUX,CRUX,assets/audio/voice/latin/crux.mp3,assets/audio/voice/latin/crux.mp3,no jogo · pronúncia: KRUKS (o mesmo áudio nos dois idiomas)
latin_vita,durante o jogo,Irmão Anselmo,palavra conjurada,VITA,VITA,assets/audio/voice/latin/vita.mp3,assets/audio/voice/latin/vita.mp3,no jogo · pronúncia: VI-ta (o mesmo áudio nos dois idiomas)
latin_aqua,durante o jogo,Irmão Anselmo,palavra conjurada,AQUA,AQUA,assets/audio/voice/latin/aqua.mp3,assets/audio/voice/latin/aqua.mp3,no jogo · pronúncia: A-kwa (o mesmo áudio nos dois idiomas)
latin_ignis,durante o jogo,Irmão Anselmo,palavra conjurada,IGNIS,IGNIS,assets/audio/voice/latin/ignis.mp3,assets/audio/voice/latin/ignis.mp3,no jogo · pronúncia: I-nyis (o mesmo áudio nos dois idiomas)
latin_mortis,durante o jogo,Irmão Anselmo,palavra conjurada,MORTIS,MORTIS,assets/audio/voice/latin/mortis.mp3,assets/audio/voice/latin/mortis.mp3,no jogo · pronúncia: MOR-tis (o mesmo áudio nos dois idiomas)
latin_fides,durante o jogo,Irmão Anselmo,palavra conjurada,FIDES,FIDES,assets/audio/voice/latin/fides.mp3,assets/audio/voice/latin/fides.mp3,no jogo · pronúncia: FI-des (o mesmo áudio nos dois idiomas)
latin_lumen,durante o jogo,Irmão Anselmo,palavra conjurada,LUMEN,LUMEN,assets/audio/voice/latin/lumen.mp3,assets/audio/voice/latin/lumen.mp3,no jogo · pronúncia: LU-men (o mesmo áudio nos dois idiomas)
latin_purgo,durante o jogo,Irmão Anselmo,palavra conjurada,PURGO,PURGO,assets/audio/voice/latin/purgo.mp3,assets/audio/voice/latin/purgo.mp3,no jogo · pronúncia: PUR-go (o mesmo áudio nos dois idiomas)
latin_gloria,durante o jogo,Irmão Anselmo,palavra conjurada,GLORIA,GLORIA,assets/audio/voice/latin/gloria.mp3,assets/audio/voice/latin/gloria.mp3,no jogo · pronúncia: GLO-ri-a (o mesmo áudio nos dois idiomas)
latin_verbum,durante o jogo,Irmão Anselmo,palavra conjurada,VERBUM,VERBUM,assets/audio/voice/latin/verbum.mp3,assets/audio/voice/latin/verbum.mp3,no jogo · pronúncia: VER-bum (o mesmo áudio nos dois idiomas)
latin_angelus,durante o jogo,Irmão Anselmo,palavra conjurada,ANGELUS,ANGELUS,assets/audio/voice/latin/angelus.mp3,assets/audio/voice/latin/angelus.mp3,no jogo · pronúncia: AN-dje-lus (o mesmo áudio nos dois idiomas)
latin_dominus,durante o jogo,Irmão Anselmo,palavra conjurada,DOMINUS,DOMINUS,assets/audio/voice/latin/dominus.mp3,assets/audio/voice/latin/dominus.mp3,no jogo · pronúncia: DO-mi-nus (o mesmo áudio nos dois idiomas)
latin_miserere,durante o jogo,Irmão Anselmo,palavra conjurada,MISERERE,MISERERE,assets/audio/voice/latin/miserere.mp3,assets/audio/voice/latin/miserere.mp3,no jogo · pronúncia: mi-se-RE-re (o mesmo áudio nos dois idiomas)
latin_salvator,durante o jogo,Irmão Anselmo,palavra conjurada,SALVATOR,SALVATOR,assets/audio/voice/latin/salvator.mp3,assets/audio/voice/latin/salvator.mp3,no jogo · pronúncia: sal-VA-tor (o mesmo áudio nos dois idiomas)
latin_sanctus,durante o jogo,Irmão Anselmo,palavra conjurada,SANCTUS,SANCTUS,assets/audio/voice/latin/sanctus.mp3,assets/audio/voice/latin/sanctus.mp3,no jogo · pronúncia: SANK-tus (o mesmo áudio nos dois idiomas)
latin_spiritus,durante o jogo,Irmão Anselmo,palavra conjurada,SPIRITUS,SPIRITUS,assets/audio/voice/latin/spiritus.mp3,assets/audio/voice/latin/spiritus.mp3,no jogo · pronúncia: SPI-ri-tus (o mesmo áudio nos dois idiomas)
latin_vapor,durante o jogo,Irmão Anselmo,combo conjurada,VAPOR,VAPOR,assets/audio/voice/latin/vapor.mp3,assets/audio/voice/latin/vapor.mp3,no jogo · pronúncia: VA-por (o mesmo áudio nos dois idiomas)
latin_flamma,durante o jogo,Irmão Anselmo,combo conjurada,FLAMMA,FLAMMA,assets/audio/voice/latin/flamma.mp3,assets/audio/voice/latin/flamma.mp3,no jogo · pronúncia: FLAM-ma (o mesmo áudio nos dois idiomas)
latin_caecitas,durante o jogo,Irmão Anselmo,combo conjurada,CAECITAS,CAECITAS,assets/audio/voice/latin/caecitas.mp3,assets/audio/voice/latin/caecitas.mp3,no jogo · pronúncia: TCHE-tchi-tas (o mesmo áudio nos dois idiomas)
latin_martyrium,durante o jogo,Irmão Anselmo,combo conjurada,MARTYRIUM,MARTYRIUM,assets/audio/voice/latin/martyrium.mp3,assets/audio/voice/latin/martyrium.mp3,no jogo · pronúncia: mar-TI-ri-um (o mesmo áudio nos dois idiomas)
latin_requiem,durante o jogo,Irmão Anselmo,combo conjurada,REQUIEM,REQUIEM,assets/audio/voice/latin/requiem.mp3,assets/audio/voice/latin/requiem.mp3,no jogo · pronúncia: RE-kwi-em (o mesmo áudio nos dois idiomas)
latin_haeresis,durante o jogo,O vazio (pela boca de Anselmo),heresia,HÆRESIS!,HÆRESIS!,assets/audio/voice/latin/haeresis.mp3,assets/audio/voice/latin/haeresis.mp3,"no jogo · pronúncia: E-re-sis; voz de Anselmo distorcida, como se outra coisa falasse (narrativa §3.3)"
bark_asmodeus_phase_2,durante o jogo,"Asmodeus, o Rasurador",Fase 2 do chefe,Cada erro teu me alimenta.,Every mistake of thine feeds me.,assets/audio/voice/pt_BR/bark_asmodeus_phase_2.mp3,assets/audio/voice/en/bark_asmodeus_phase_2.mp3,aprovada (D-072) — entra na 008
bark_asmodeus_phase_3,durante o jogo,"Asmodeus, o Rasurador",Fase 3 do chefe,Eu sou tudo o que foi riscado.,I am all that was struck out.,assets/audio/voice/pt_BR/bark_asmodeus_phase_3.mp3,assets/audio/voice/en/bark_asmodeus_phase_3.mp3,aprovada (D-072) — entra na 008
bark_asmodeus_erasure,durante o jogo,"Asmodeus, o Rasurador",A Rasura apaga uma letra do atril,Apagado.,Erased.,assets/audio/voice/pt_BR/bark_asmodeus_erasure.mp3,assets/audio/voice/en/bark_asmodeus_erasure.mp3,aprovada (D-072) — entra na 008
bark_asmodeus_death,durante o jogo,"Asmodeus, o Rasurador",Morte do chefe (antes da C1-04),Alguém… sempre… erra…,Someone… always… errs…,assets/audio/voice/pt_BR/bark_asmodeus_death.mp3,assets/audio/voice/en/bark_asmodeus_death.mp3,aprovada (D-072) — entra na 008
bark_anselmo_heresy,durante o jogo,Irmão Anselmo,Logo depois de uma heresia,…Isso não era latim.,…That was not Latin.,assets/audio/voice/pt_BR/bark_anselmo_heresy.mp3,assets/audio/voice/en/bark_anselmo_heresy.mp3,aprovada (D-072) — entra na 008
bark_anselmo_last_candle,durante o jogo,Irmão Anselmo,Sobra só uma vela,Só mais uma vela…,Just one more candle…,assets/audio/voice/pt_BR/bark_anselmo_last_candle.mp3,assets/audio/voice/en/bark_anselmo_last_candle.mp3,aprovada (D-072) — entra na 008
bark_anselmo_wave_clear,durante o jogo,Irmão Anselmo,Fim de onda,Mais uma linha no lugar.,One more line back in place.,assets/audio/voice/pt_BR/bark_anselmo_wave_clear.mp3,assets/audio/voice/en/bark_anselmo_wave_clear.mp3,aprovada (D-072) — entra na 008
bark_anselmo_hurt_01,durante o jogo,Irmão Anselmo,scared · leva dano,Ai. Isso estava no contrato?,Ow. Was that in the contract?,assets/audio/voice/pt_BR/bark_anselmo_hurt_01.mp3,assets/audio/voice/en/bark_anselmo_hurt_01.mp3,D-098 — a gerar
bark_anselmo_hurt_02,durante o jogo,Irmão Anselmo,scared · leva dano,Minha mão! Eu preciso dela.,My hand! I need it.,assets/audio/voice/pt_BR/bark_anselmo_hurt_02.mp3,assets/audio/voice/en/bark_anselmo_hurt_02.mp3,D-098 — a gerar
bark_anselmo_hurt_03,durante o jogo,Irmão Anselmo,scared · leva dano,Tinta e sangue nunca combinam.,Ink and blood never mix.,assets/audio/voice/pt_BR/bark_anselmo_hurt_03.mp3,assets/audio/voice/en/bark_anselmo_hurt_03.mp3,D-098 — a gerar
bark_anselmo_hurt_04,durante o jogo,Irmão Anselmo,scared · leva dano,Isso vai manchar o hábito.,That will stain the habit.,assets/audio/voice/pt_BR/bark_anselmo_hurt_04.mp3,assets/audio/voice/en/bark_anselmo_hurt_04.mp3,D-098 — a gerar
bark_anselmo_hurt_05,durante o jogo,Irmão Anselmo,scared · leva dano,"Senhor, poupai-me.","Lord, spare me.",assets/audio/voice/pt_BR/bark_anselmo_hurt_05.mp3,assets/audio/voice/en/bark_anselmo_hurt_05.mp3,D-098 — a gerar
bark_anselmo_hurt_06,durante o jogo,Irmão Anselmo,scared · leva dano,Eu só queria copiar em paz.,I only wanted to copy in peace.,assets/audio/voice/pt_BR/bark_anselmo_hurt_06.mp3,assets/audio/voice/en/bark_anselmo_hurt_06.mp3,D-098 — a gerar
bark_anselmo_hurt_07,durante o jogo,Irmão Anselmo,scared · leva dano,Ainda bem que não sou o pergaminho.,Good thing I am not the parchment.,assets/audio/voice/pt_BR/bark_anselmo_hurt_07.mp3,assets/audio/voice/en/bark_anselmo_hurt_07.mp3,D-098 — a gerar
bark_anselmo_hurt_08,durante o jogo,Irmão Anselmo,scared · leva dano,Isso doeu. Anotem aí.,That hurt. Write it down.,assets/audio/voice/pt_BR/bark_anselmo_hurt_08.mp3,assets/audio/voice/en/bark_anselmo_hurt_08.mp3,D-098 — a gerar
bark_anselmo_level_01,durante o jogo,Irmão Anselmo,relieved · nível de Graça,Algo se acendeu em mim.,Something lit up inside me.,assets/audio/voice/pt_BR/bark_anselmo_level_01.mp3,assets/audio/voice/en/bark_anselmo_level_01.mp3,D-098 — a gerar
bark_anselmo_level_02,durante o jogo,Irmão Anselmo,relieved · nível de Graça,A graça chegou. Sem avisar.,Grace arrived. Unannounced.,assets/audio/voice/pt_BR/bark_anselmo_level_02.mp3,assets/audio/voice/en/bark_anselmo_level_02.mp3,D-098 — a gerar
bark_anselmo_level_03,durante o jogo,Irmão Anselmo,relieved · nível de Graça,Sinto a mão do Abade… ou a de Deus.,I feel the Abbot's hand… or God's.,assets/audio/voice/pt_BR/bark_anselmo_level_03.mp3,assets/audio/voice/en/bark_anselmo_level_03.mp3,D-098 — a gerar
bark_anselmo_level_04,durante o jogo,Irmão Anselmo,relieved · nível de Graça,Mais luz. Aceito.,More light. I accept.,assets/audio/voice/pt_BR/bark_anselmo_level_04.mp3,assets/audio/voice/en/bark_anselmo_level_04.mp3,D-098 — a gerar
bark_anselmo_level_05,durante o jogo,Irmão Anselmo,relieved · nível de Graça,"Não mereço, mas aceito.","I do not deserve it, but I accept.",assets/audio/voice/pt_BR/bark_anselmo_level_05.mp3,assets/audio/voice/en/bark_anselmo_level_05.mp3,D-098 — a gerar
bark_anselmo_level_06,durante o jogo,Irmão Anselmo,relieved · nível de Graça,A página ficou um pouco mais clara.,The page grew a little brighter.,assets/audio/voice/pt_BR/bark_anselmo_level_06.mp3,assets/audio/voice/en/bark_anselmo_level_06.mp3,D-098 — a gerar
bark_anselmo_death_01,durante o jogo,Irmão Anselmo,scared · morte,"Perdoe a letra torta, Senhor.","Forgive the crooked letter, Lord.",assets/audio/voice/pt_BR/bark_anselmo_death_01.mp3,assets/audio/voice/en/bark_anselmo_death_01.mp3,D-098 — a gerar
bark_anselmo_death_02,durante o jogo,Irmão Anselmo,scared · morte,Então… é esse o fim da linha.,So… this is the end of the line.,assets/audio/voice/pt_BR/bark_anselmo_death_02.mp3,assets/audio/voice/en/bark_anselmo_death_02.mp3,D-098 — a gerar
bark_anselmo_death_03,durante o jogo,Irmão Anselmo,scared · morte,Eu avisei que ia errar.,I did say I would get it wrong.,assets/audio/voice/pt_BR/bark_anselmo_death_03.mp3,assets/audio/voice/en/bark_anselmo_death_03.mp3,D-098 — a gerar
bark_anselmo_death_04,durante o jogo,Irmão Anselmo,scared · morte,Riscado. Como todo o resto.,Struck out. Like everything else.,assets/audio/voice/pt_BR/bark_anselmo_death_04.mp3,assets/audio/voice/en/bark_anselmo_death_04.mp3,D-098 — a gerar
bark_anselmo_death_05,durante o jogo,Irmão Anselmo,scared · morte,Abade… eu não devia ter aberto.,Abbot… I should not have opened it.,assets/audio/voice/pt_BR/bark_anselmo_death_05.mp3,assets/audio/voice/en/bark_anselmo_death_05.mp3,D-098 — a gerar
bark_vendor_open_01,durante o jogo,"Frei Ambrósio, o Alfarrabista",neutral · abre a loja,"Entre, entre. Não toque nas páginas.",Come in. Do not touch the pages.,assets/audio/voice/pt_BR/bark_vendor_open_01.mp3,assets/audio/voice/en/bark_vendor_open_01.mp3,D-098 — a gerar
bark_vendor_open_02,durante o jogo,"Frei Ambrósio, o Alfarrabista",neutral · abre a loja,"Apócrifos frescos. Quer dizer, antigos.",Fresh apocrypha. I mean ancient.,assets/audio/voice/pt_BR/bark_vendor_open_02.mp3,assets/audio/voice/en/bark_vendor_open_02.mp3,D-098 — a gerar
bark_vendor_open_03,durante o jogo,"Frei Ambrósio, o Alfarrabista",neutral · abre a loja,Tenho o que o Abade escondeu. Por um preço.,I have what the Abbot hid. For a price.,assets/audio/voice/pt_BR/bark_vendor_open_03.mp3,assets/audio/voice/en/bark_vendor_open_03.mp3,D-098 — a gerar
bark_vendor_open_04,durante o jogo,"Frei Ambrósio, o Alfarrabista",neutral · abre a loja,Lembro de você. Acho. Compre algo.,I remember you. I think. Buy something.,assets/audio/voice/pt_BR/bark_vendor_open_04.mp3,assets/audio/voice/en/bark_vendor_open_04.mp3,D-098 — a gerar
bark_vendor_open_05,durante o jogo,"Frei Ambrósio, o Alfarrabista",neutral · abre a loja,O vazio não paga. Eu cobro.,The void pays nothing. I charge.,assets/audio/voice/pt_BR/bark_vendor_open_05.mp3,assets/audio/voice/en/bark_vendor_open_05.mp3,D-098 — a gerar
bark_vendor_open_06,durante o jogo,"Frei Ambrósio, o Alfarrabista",neutral · abre a loja,Bem-vindo ao scriptorium. Ainda estou aqui.,Welcome to the scriptorium. I am still here.,assets/audio/voice/pt_BR/bark_vendor_open_06.mp3,assets/audio/voice/en/bark_vendor_open_06.mp3,D-098 — a gerar
bark_vendor_bought_01,durante o jogo,"Frei Ambrósio, o Alfarrabista",smiling · compra,"Boa escolha. Ou, ao menos, cara.","Good choice. Or at least, costly.",assets/audio/voice/pt_BR/bark_vendor_bought_01.mp3,assets/audio/voice/en/bark_vendor_bought_01.mp3,D-098 — a gerar
bark_vendor_bought_02,durante o jogo,"Frei Ambrósio, o Alfarrabista",smiling · compra,Vendido! Que Deus o perdoe.,Sold! May God forgive you.,assets/audio/voice/pt_BR/bark_vendor_bought_02.mp3,assets/audio/voice/en/bark_vendor_bought_02.mp3,D-098 — a gerar
bark_vendor_bought_03,durante o jogo,"Frei Ambrósio, o Alfarrabista",smiling · compra,Sem devolução. Nem rasuras.,No returns. No erasures either.,assets/audio/voice/pt_BR/bark_vendor_bought_03.mp3,assets/audio/voice/en/bark_vendor_bought_03.mp3,D-098 — a gerar
bark_vendor_bought_04,durante o jogo,"Frei Ambrósio, o Alfarrabista",smiling · compra,Obrigado. É a tinta que me mantém.,Thank you. Ink is what keeps me.,assets/audio/voice/pt_BR/bark_vendor_bought_04.mp3,assets/audio/voice/en/bark_vendor_bought_04.mp3,D-098 — a gerar
bark_vendor_bought_05,durante o jogo,"Frei Ambrósio, o Alfarrabista",smiling · compra,Anotado no livro. Se o livro ficar.,Noted in the ledger. If it lasts.,assets/audio/voice/pt_BR/bark_vendor_bought_05.mp3,assets/audio/voice/en/bark_vendor_bought_05.mp3,D-098 — a gerar
bark_vendor_denied_01,durante o jogo,"Frei Ambrósio, o Alfarrabista",neutral · sem tinta,"Sem tinta, sem apócrifo.","No ink, no apocrypha.",assets/audio/voice/pt_BR/bark_vendor_denied_01.mp3,assets/audio/voice/en/bark_vendor_denied_01.mp3,D-098 — a gerar
bark_vendor_denied_02,durante o jogo,"Frei Ambrósio, o Alfarrabista",neutral · sem tinta,"Falta tinta, irmão.","You are short of ink, brother.",assets/audio/voice/pt_BR/bark_vendor_denied_02.mp3,assets/audio/voice/en/bark_vendor_denied_02.mp3,D-098 — a gerar
bark_vendor_denied_03,durante o jogo,"Frei Ambrósio, o Alfarrabista",neutral · sem tinta,Fé não paga. Só tinta.,Faith does not pay. Only ink.,assets/audio/voice/pt_BR/bark_vendor_denied_03.mp3,assets/audio/voice/en/bark_vendor_denied_03.mp3,D-098 — a gerar
bark_vendor_denied_04,durante o jogo,"Frei Ambrósio, o Alfarrabista",neutral · sem tinta,Volte com mais tinta.,Come back with more ink.,assets/audio/voice/pt_BR/bark_vendor_denied_04.mp3,assets/audio/voice/en/bark_vendor_denied_04.mp3,D-098 — a gerar
bark_vendor_close_01,durante o jogo,"Frei Ambrósio, o Alfarrabista",neutral · fecha a loja,Vá com Deus. Ou sem.,Go with God. Or without.,assets/audio/voice/pt_BR/bark_vendor_close_01.mp3,assets/audio/voice/en/bark_vendor_close_01.mp3,D-098 — a gerar
bark_vendor_close_02,durante o jogo,"Frei Ambrósio, o Alfarrabista",neutral · fecha a loja,"Volte, se ainda houver página.","Come back, if there is a page left.",assets/audio/voice/pt_BR/bark_vendor_close_02.mp3,assets/audio/voice/en/bark_vendor_close_02.mp3,D-098 — a gerar
bark_vendor_close_03,durante o jogo,"Frei Ambrósio, o Alfarrabista",neutral · fecha a loja,Cuidado lá fora. Está tudo apagado.,Careful out there. Everything is erased.,assets/audio/voice/pt_BR/bark_vendor_close_03.mp3,assets/audio/voice/en/bark_vendor_close_03.mp3,D-098 — a gerar
bark_vendor_close_04,durante o jogo,"Frei Ambrósio, o Alfarrabista",neutral · fecha a loja,Feche a porta. O vazio tem pressa.,Close the door. The void is in a hurry.,assets/audio/voice/pt_BR/bark_vendor_close_04.mp3,assets/audio/voice/en/bark_vendor_close_04.mp3,D-098 — a gerar
